Model,Accuracy,Precision,Recall,ROC AUC,Average Precision,Time
DummyClassifier,0.48441926345609065,0.12280701754385964,0.39622641509433965,0.4481132075471699,0.13931094238348557,0.09563136100769043
DummyClassifier,0.5070821529745042,0.14619883040935672,0.4716981132075472,0.49251572327044024,0.14828182577169136,0.09360480308532715
DummyClassifier,0.49008498583569404,0.1286549707602339,0.41509433962264153,0.4592138364779874,0.14122264701074225,0.07598400115966797
DummyClassifier,0.509915014164306,0.15204678362573099,0.48148148148148145,0.4982658243527809,0.1525278239490588,0.10320520401000977
DummyClassifier,0.5227272727272727,0.16374269005847952,0.5283018867924528,0.5250205086136177,0.15752829937909382,0.06931805610656738
LogisticRegression,0.830028328611898,0.4507042253521127,0.6037735849056604,0.7868238993710693,0.4811046145650109,0.09967684745788574
LogisticRegression,0.8045325779036827,0.41304347826086957,0.7169811320754716,0.8379245283018868,0.6007726521975968,0.1000211238861084
LogisticRegression,0.7648725212464589,0.36607142857142855,0.7735849056603774,0.8547169811320755,0.6264782031214081,0.0752265453338623
LogisticRegression,0.6628895184135978,0.23577235772357724,0.5370370370370371,0.725473801560758,0.35503548660693085,0.1119074821472168
LogisticRegression,0.8153409090909091,0.4117647058823529,0.5283018867924528,0.6954313119202372,0.47422813255925256,0.08089804649353027
DecisionTreeClassifier,0.623229461756374,0.24358974358974358,0.7169811320754716,0.660880503144654,0.21714216796797373,0.1071774959564209
DecisionTreeClassifier,0.6997167138810199,0.30656934306569344,0.7924528301886793,0.7378930817610063,0.2741032166493116,0.08045721054077148
DecisionTreeClassifier,0.6940509915014165,0.2868217054263566,0.6981132075471698,0.701761006289308,0.24820007702915864,0.08804869651794434
DecisionTreeClassifier,0.6798866855524079,0.24786324786324787,0.5370370370370371,0.6207110120153599,0.20508078900430177,0.07783770561218262
DecisionTreeClassifier,0.7244318181818182,0.30701754385964913,0.660377358490566,0.685555625670474,0.255678023345831,0.0833749771118164
KNNClassifier,0.6912181303116147,0.27049180327868855,0.6226415094339622,0.7143710691823899,0.29928946206016993,0.2267625331878662
KNNClassifier,0.7592067988668555,0.35964912280701755,0.7735849056603774,0.8270754716981132,0.4459730593467154,0.20155739784240723
KNNClassifier,0.7393767705382436,0.34146341463414637,0.7924528301886793,0.8355974842767295,0.42978693148562613,0.2003030776977539
KNNClassifier,0.7337110481586402,0.3113207547169811,0.6111111111111112,0.7123745819397993,0.288117873055725,0.15917611122131348
KNNClassifier,0.7357954545454546,0.32142857142857145,0.6792452830188679,0.7536757745945606,0.403691754671481,0.20060396194458008
SVC,0.7365439093484419,0.3181818181818182,0.660377358490566,0.7916666666666666,0.42074343498460076,0.18715214729309082
SVC,0.7677053824362606,0.36936936936936937,0.7735849056603774,0.8645911949685535,0.5974000245155743,0.13995575904846191
SVC,0.7762039660056658,0.38392857142857145,0.8113207547169812,0.8741509433962265,0.6477004801225678,0.1894211769104004
SVC,0.773371104815864,0.34146341463414637,0.5185185185185185,0.7220054502663198,0.3458736709118602,0.17840957641601562
SVC,0.8153409090909091,0.4142857142857143,0.5471698113207547,0.7740581813592479,0.44415259217546216,0.17581844329833984
ExtraTreesClassifier,0.6685552407932012,0.26811594202898553,0.6981132075471698,0.719622641509434,0.3152523753037879,0.48314499855041504
ExtraTreesClassifier,0.7762039660056658,0.38392857142857145,0.8113207547169812,0.8681132075471698,0.6581075485452554,0.45026493072509766
ExtraTreesClassifier,0.7563739376770539,0.358974358974359,0.7924528301886793,0.8543396226415094,0.5168139951312893,0.471207857131958
ExtraTreesClassifier,0.7025495750708215,0.2926829268292683,0.6666666666666666,0.7355382137990835,0.32885487411453396,0.4577314853668213
ExtraTreesClassifier,0.6988636363636364,0.288,0.6792452830188679,0.7275194043036537,0.3084461429617821,0.44991445541381836
RandomForestClassifier,0.6883852691218131,0.2857142857142857,0.7169811320754716,0.7278616352201258,0.31027896229964547,0.5440998077392578
RandomForestClassifier,0.7705382436260623,0.3813559322033898,0.8490566037735849,0.8838050314465409,0.604196145315258,0.5599203109741211
RandomForestClassifier,0.7450424929178471,0.352,0.8301886792452831,0.8485849056603774,0.5352870241371424,0.5348010063171387
RandomForestClassifier,0.7138810198300283,0.2956521739130435,0.6296296296296297,0.7268983029852596,0.31404873989832993,0.5312342643737793
RandomForestClassifier,0.7017045454545454,0.2903225806451613,0.6792452830188679,0.7501735344229192,0.3868956073700145,0.5497119426727295
GradientBoostingClassifier,0.7337110481586402,0.308411214953271,0.6226415094339622,0.7342767295597483,0.3907411418774626,0.4529740810394287
GradientBoostingClassifier,0.7790368271954674,0.391304347826087,0.8490566037735849,0.8804402515723271,0.5585253077627221,0.47244691848754883
GradientBoostingClassifier,0.7252124645892352,0.33076923076923076,0.8113207547169812,0.849245283018868,0.5545243508568228,0.46514034271240234
GradientBoostingClassifier,0.6940509915014165,0.2857142857142857,0.6666666666666666,0.7080391428217515,0.3784011550998983,0.45278286933898926
GradientBoostingClassifier,0.7982954545454546,0.4,0.6792452830188679,0.8038745503880861,0.4730884906078796,0.42113256454467773
AdaBoostClassifier,0.8215297450424929,0.42857142857142855,0.5660377358490566,0.799937106918239,0.40633925738517357,0.18072080612182617
AdaBoostClassifier,0.7705382436260623,0.375,0.7924528301886793,0.8637735849056604,0.6244187804569044,0.1471703052520752
AdaBoostClassifier,0.7620396600566572,0.3652173913043478,0.7924528301886793,0.8394339622641509,0.4977297068490705,0.180894136428833
AdaBoostClassifier,0.7422096317280453,0.32710280373831774,0.6481481481481481,0.7292208596556423,0.33182732654679525,0.18581604957580566
AdaBoostClassifier,0.8125,0.41333333333333333,0.5849056603773585,0.7705874929008646,0.42777758896800355,0.1862020492553711
XGBClassifier,0.6997167138810199,0.288,0.6792452830188679,0.7315723270440251,0.3547018215530249,0.2553253173828125
XGBClassifier,0.7620396600566572,0.3652173913043478,0.7924528301886793,0.8567295597484277,0.4897351403785342,0.22663044929504395
XGBClassifier,0.7252124645892352,0.33076923076923076,0.8113207547169812,0.8277987421383648,0.5181597907888872,0.22128891944885254
XGBClassifier,0.6855524079320113,0.272,0.6296296296296297,0.720642883686362,0.3167779602778188,0.22434258460998535
XGBClassifier,0.7215909090909091,0.31092436974789917,0.6981132075471698,0.777402662964599,0.4928316065011798,0.21622323989868164
MLPClassifier,0.7365439093484419,0.3,0.5660377358490566,0.7846226415094341,0.4882465770902734,0.42397427558898926
MLPClassifier,0.7875354107648725,0.3942307692307692,0.7735849056603774,0.8726415094339622,0.6405383959795365,0.4521753787994385
MLPClassifier,0.7592067988668555,0.3620689655172414,0.7924528301886793,0.8666037735849057,0.6511177649299984,0.4599764347076416
MLPClassifier,0.7082152974504249,0.2831858407079646,0.5925925925925926,0.7356930509104422,0.37089311235931144,0.4466822147369385
MLPClassifier,0.8039772727272727,0.40476190476190477,0.6415094339622641,0.7717864580046697,0.506768801265812,0.4209096431732178
